request_id,amount_safe_to_pay,affordability_status,recommended_payment_method,payment_plan,earliest_date_for_full_payment,spending_changes_needed,decision_explanation
request_26,15656000.00,affordable_now,full_payment,2025-08-03:15656000.00,2025-08-03,none,"Pay IDR 15,656,000.00 today. This leaves at least IDR 24,768,300.00 available over the next 90 days."
request_27,6670.00,affordable_now,full_payment,2026-07-05:6670.00,2026-07-05,none,"Pay ZAR 6,670.00 today. This leaves at least ZAR 20,500.00 available over the next 90 days."
request_28,291.35,not_affordable,not_recommended,none,,none,"Do not make this payment by the deadline. None of the available options keeps the EUR 1,100.00 minimum protected."
request_29,51524.00,affordable_now,full_payment,2025-11-04:51524.00,2025-11-04,none,"Pay ZAR 51,524.00 today. This leaves at least ZAR 28,300.00 available over the next 90 days."
request_30,775.20,affordable_with_plan,installments,2026-04-06:268.74|2026-05-06:268.74|2026-06-05:268.74,2026-04-06,none,Use installments to pay USD 775.20. This keeps the USD 900.00 minimum protected throughout the payment period.
request_31,2732930.06,affordable_later,wait,none,2024-11-15,none,"Pay IDR 18,164,000.00 in full on 2024-11-15. Paying earlier would take the balance below the IDR 16,588,900.00 minimum."
request_32,13372.45,not_affordable,not_recommended,none,,none,"Do not make this payment by the deadline. None of the available options keeps the ZAR 35,700.00 minimum protected."
request_33,37017.35,not_affordable,not_recommended,none,,none,"Do not make this payment by the deadline. None of the available options keeps the INR 102,100.00 minimum protected."
request_34,129400.00,affordable_now,full_payment,2024-12-04:129400.00,2024-12-04,none,"Pay INR 129,400.00 today. This leaves at least INR 138,500.00 available over the next 90 days."
request_35,22877.65,not_affordable,not_recommended,none,,none,"Do not make this payment by the deadline. None of the available options keeps the INR 106,400.00 minimum protected."
request_36,581.33,not_affordable,not_recommended,none,,none,"Do not make this payment by the deadline. None of the available options keeps the USD 2,400.00 minimum protected."
request_37,4417999.25,not_affordable,not_recommended,none,,none,"Do not make this payment by the deadline. None of the available options keeps the IDR 17,056,200.00 minimum protected."
request_38,171.80,affordable_later,wait,none,2025-09-15,none,Pay EUR 971.30 in full on 2025-09-15. Paying earlier would take the balance below the EUR 400.00 minimum.
request_39,134993.97,affordable_later,wait,none,2026-04-15,none,"Pay INR 208,600.00 in full on 2026-04-15. Paying earlier would take the balance below the INR 213,400.00 minimum."
request_40,357.17,not_affordable,not_recommended,none,,none,"Do not make this payment by the deadline. None of the available options keeps the EUR 1,500.00 minimum protected."
request_41,9870720.13,not_affordable,not_recommended,none,,none,"Do not make this payment by the deadline. None of the available options keeps the IDR 25,366,600.00 minimum protected."
request_42,33279.54,affordable_with_plan,full_payment,2026-01-05:52100.00,2026-01-05,reduce_to:event_3950:2695.00,"Apply spending changes (reduce_to:event_3950:2695.00), then pay INR 52,100.00 today. This leaves at least INR 113,100.00 available over the next 90 days."
request_43,8342128.42,affordable_later,wait,none,2024-11-15,none,"Pay IDR 43,339,000.00 in full on 2024-11-15. Paying earlier would take the balance below the IDR 21,398,000.00 minimum."
request_44,38633.73,not_affordable,not_recommended,none,,none,"Do not make this payment by the deadline. None of the available options keeps the INR 82,900.00 minimum protected."
request_45,3275615.83,not_affordable,not_recommended,none,,none,"Do not make this payment by the deadline. None of the available options keeps the IDR 11,149,800.00 minimum protected."
request_46,35126.66,affordable_with_plan,partial_payment,2024-12-03:35126.66|2024-12-15:14323.34,2024-12-15,none,"Pay INR 35,126.66 today and the remaining INR 14,323.34 on 2024-12-15. This completes the full request and keeps the INR 84,000.00 minimum protected."
request_47,38114000.00,affordable_now,full_payment,2025-05-05:38114000.00,2025-05-05,none,"Pay IDR 38,114,000.00 today. This leaves at least IDR 30,049,000.00 available over the next 90 days."
request_48,45700.00,affordable_now,full_payment,2026-07-25:45700.00,2026-07-25,none,"Pay INR 45,700.00 today. This leaves at least INR 71,300.00 available over the next 90 days."
request_49,12751170.05,affordable_with_plan,installments,2024-03-18:11902106.67|2024-04-18:11902106.67|2024-05-19:11902106.67,2024-04-15,none,"Use installments to pay IDR 34,333,000.00. This keeps the IDR 20,275,700.00 minimum protected throughout the payment period."
request_50,42351.55,affordable_with_plan,full_payment,2025-08-06:43900.00,2025-08-06,reduce_to:event_4672:1928.00,"Apply spending changes (reduce_to:event_4672:1928.00), then pay INR 43,900.00 today. This leaves at least INR 99,700.00 available over the next 90 days."
request_51,2191000.00,affordable_now,full_payment,2026-01-03:2191000.00,2026-01-03,none,"Pay IDR 2,191,000.00 today. This leaves at least IDR 7,811,000.00 available over the next 90 days."
request_52,19388.71,affordable_later,wait,none,2024-06-15,none,"Pay INR 28,870.00 in full on 2024-06-15. Paying earlier would take the balance below the INR 41,500.00 minimum."
request_53,465.18,affordable_with_plan,installments,2025-11-21:589.06|2025-12-19:589.06|2026-01-16:589.06,,none,"Use installments to pay USD 1,699.20. This keeps the USD 2,100.00 minimum protected throughout the payment period."
request_54,1904.41,not_affordable,not_recommended,none,,none,"Do not make this payment by the deadline. None of the available options keeps the ZAR 37,000.00 minimum protected."
request_55,128967.11,not_affordable,not_recommended,none,,none,"Do not make this payment by the deadline. None of the available options keeps the INR 124,300.00 minimum protected."
request_56,635.69,affordable_with_plan,partial_payment,2025-02-03:635.69|2025-02-15:245.87,2025-02-15,none,"Pay USD 635.69 today and the remaining USD 245.87 on 2025-02-15. This completes the full request and keeps the USD 2,100.00 minimum protected."
request_57,12901.63,affordable_later,wait,none,2026-06-15,none,"Pay ZAR 61,446.00 in full on 2026-06-15. Paying earlier would take the balance below the ZAR 42,700.00 minimum."
request_58,14944202.71,affordable_with_plan,full_payment,2024-12-07:16226000.00,2024-12-07,stop:event_5358,"Apply spending changes (stop:event_5358), then pay IDR 16,226,000.00 today. This leaves at least IDR 14,433,900.00 available over the next 90 days."
request_59,140600.00,affordable_with_plan,installments,2025-05-07:48741.33|2025-06-04:48741.33|2025-07-02:48741.33,2025-05-04,none,"Use installments to pay INR 140,600.00. This keeps the INR 132,600.00 minimum protected throughout the payment period."
request_60,154.53,affordable_later,wait,none,2026-01-15,none,Pay USD 199.89 in full on 2026-01-15. Paying earlier would take the balance below the USD 400.00 minimum.
request_61,29062.00,affordable_with_plan,installments,2024-03-17:10074.83|2024-04-17:10074.83|2024-05-18:10074.83,2024-03-03,none,"Use installments to pay ZAR 29,062.00. This keeps the ZAR 36,700.00 minimum protected throughout the payment period."
request_62,404.23,affordable_now,full_payment,2025-08-05:404.23,2025-08-05,none,"Pay USD 404.23 today. This leaves at least USD 1,300.00 available over the next 90 days."
request_63,37457.14,not_affordable,not_recommended,none,,none,"Do not make this payment by the deadline. None of the available options keeps the INR 153,500.00 minimum protected."
request_64,44962.92,affordable_with_plan,installments,2024-06-11:22082.67|2024-07-12:22082.67|2024-08-12:22082.67,2024-07-15,none,"Use installments to pay INR 63,700.00. This keeps the INR 36,100.00 minimum protected throughout the payment period."
request_65,5850.39,not_affordable,not_recommended,none,,none,"Do not make this payment by the deadline. None of the available options keeps the ZAR 15,500.00 minimum protected."
request_66,22200.00,affordable_now,full_payment,2026-04-03:22200.00,2026-04-03,none,"Pay INR 22,200.00 today. This leaves at least INR 80,700.00 available over the next 90 days."
request_67,302.26,affordable_later,wait,none,2024-11-15,none,"Pay USD 2,094.00 in full on 2024-11-15. Paying earlier would take the balance below the USD 1,200.00 minimum."
request_68,1447.64,affordable_with_plan,installments,2025-02-14:725.09|2025-03-14:725.09|2025-04-11:725.09,2025-03-15,none,"Use installments to pay USD 2,091.60. This keeps the USD 1,500.00 minimum protected throughout the payment period."
request_69,529.10,affordable_now,full_payment,2026-01-04:529.10,2026-01-04,none,Pay EUR 529.10 today. This leaves at least EUR 700.00 available over the next 90 days.
request_70,50373.61,affordable_later,wait,none,2025-02-15,none,"Pay INR 243,900.00 in full on 2025-02-15. Paying earlier would take the balance below the INR 115,000.00 minimum."
request_71,222360.34,not_affordable,not_recommended,none,,none,"Do not make this payment by the deadline. None of the available options keeps the IDR 8,884,800.00 minimum protected."
request_72,11330.00,affordable_now,full_payment,2026-07-05:11330.00,2026-07-05,none,"Pay ZAR 11,330.00 today. This leaves at least ZAR 12,200.00 available over the next 90 days."
request_73,71400.00,affordable_now,full_payment,2023-01-20:71400.00,2023-01-20,none,"Pay INR 71,400.00 today. This leaves at least INR 103,200.00 available over the next 90 days."
request_74,5010.00,affordable_now,full_payment,2025-08-04:5010.00,2025-08-04,none,"Pay ZAR 5,010.00 today. This leaves at least ZAR 21,900.00 available over the next 90 days."
request_75,28270.00,affordable_with_plan,installments,2026-04-09:9800.27|2026-05-09:9800.27|2026-06-08:9800.27,2026-04-06,none,"Use installments to pay ZAR 28,270.00. This keeps the ZAR 39,000.00 minimum protected throughout the payment period."
request_76,835.82,not_affordable,not_recommended,none,,none,"Do not make this payment by the deadline. None of the available options keeps the USD 1,800.00 minimum protected."
request_77,59872.82,affordable_later,wait,none,2025-11-15,none,"Pay INR 60,700.00 in full on 2025-11-15. Paying earlier would take the balance below the INR 82,200.00 minimum."
request_78,45860.99,affordable_later,wait,none,2025-10-15,none,"Pay INR 50,200.00 in full on 2025-10-15. Paying earlier would take the balance below the INR 55,200.00 minimum."
request_79,699.04,not_affordable,not_recommended,none,,none,"Do not make this payment by the deadline. None of the available options keeps the EUR 1,000.00 minimum protected."
request_80,94023.08,not_affordable,not_recommended,none,,none,"Do not make this payment by the deadline. None of the available options keeps the INR 121,300.00 minimum protected."
request_81,2076.00,affordable_now,full_payment,2026-07-03:2076.00,2026-07-03,none,"Pay USD 2,076.00 today. This leaves at least USD 1,600.00 available over the next 90 days."
request_82,391.55,not_affordable,not_recommended,none,,none,"Do not make this payment by the deadline. None of the available options keeps the USD 1,100.00 minimum protected."
request_83,12204.26,not_affordable,not_recommended,none,,none,"Do not make this payment by the deadline. None of the available options keeps the INR 37,800.00 minimum protected."
request_84,32327.66,not_affordable,not_recommended,none,,none,"Do not make this payment by the deadline. None of the available options keeps the INR 91,300.00 minimum protected."
request_85,367767.97,not_affordable,not_recommended,none,,none,"Do not make this payment by the deadline. None of the available options keeps the IDR 6,396,300.00 minimum protected."
request_86,46300.00,affordable_now,full_payment,2025-08-03:46300.00,2025-08-03,none,"Pay INR 46,300.00 today. This leaves at least INR 84,900.00 available over the next 90 days."
request_87,16803.38,not_affordable,not_recommended,none,,none,"Do not make this payment by the deadline. None of the available options keeps the INR 185,900.00 minimum protected."
request_88,10734.00,affordable_with_plan,installments,2024-06-14:9045.23|2024-07-15:9045.23|2024-08-15:9045.23,2024-07-15,none,"Use installments to pay ZAR 26,092.00. This keeps the ZAR 25,800.00 minimum protected throughout the payment period."
request_89,9324615.66,not_affordable,not_recommended,none,,none,"Do not make this payment by the deadline. None of the available options keeps the IDR 12,534,700.00 minimum protected."
request_90,2560.00,affordable_now,full_payment,2026-07-06:2560.00,2026-07-06,none,"Pay ZAR 2,560.00 today. This leaves at least ZAR 7,600.00 available over the next 90 days."
request_91,457.61,not_affordable,not_recommended,none,,none,"Do not make this payment by the deadline. None of the available options keeps the EUR 2,100.00 minimum protected."
request_92,34034.00,affordable_now,full_payment,2025-02-05:34034.00,2025-02-05,none,"Pay ZAR 34,034.00 today. This leaves at least ZAR 28,100.00 available over the next 90 days."
request_93,1729.20,affordable_now,full_payment,2026-04-07:1729.20,2026-04-07,none,"Pay USD 1,729.20 today. This leaves at least USD 1,900.00 available over the next 90 days."
request_94,572.00,affordable_now,full_payment,2024-12-04:572.00,2024-12-04,none,Pay EUR 572.00 today. This leaves at least EUR 600.00 available over the next 90 days.
request_95,34600.65,not_affordable,not_recommended,none,,none,"Do not make this payment by the deadline. None of the available options keeps the INR 145,500.00 minimum protected."
request_96,72506.46,not_affordable,not_recommended,none,,none,"Do not make this payment by the deadline. None of the available options keeps the INR 56,500.00 minimum protected."
request_97,1454.36,affordable_with_plan,installments,2024-03-19:8145.28|2024-04-19:8145.28|2024-05-20:8145.28,2024-04-15,none,"Use installments to pay ZAR 23,496.00. This keeps the ZAR 29,700.00 minimum protected throughout the payment period."
request_98,6618.47,not_affordable,not_recommended,none,,none,"Do not make this payment by the deadline. None of the available options keeps the ZAR 30,000.00 minimum protected."
request_99,17497.76,affordable_with_plan,full_payment,2026-07-04:18062.00,2026-07-15,reduce_to:event_9226:1065.90,"Apply spending changes (reduce_to:event_9226:1065.90), then pay ZAR 18,062.00 today. This leaves at least ZAR 49,100.00 available over the next 90 days."
request_100,26864.89,affordable_with_plan,installments,2024-06-13:12866.19|2024-07-14:12866.19|2024-08-14:12866.19,2024-07-15,none,"Use installments to pay ZAR 37,114.00. This keeps the ZAR 32,500.00 minimum protected throughout the payment period."
request_101,143500.00,affordable_now,full_payment,2025-11-03:143500.00,2025-11-03,none,"Pay INR 143,500.00 today. This leaves at least INR 187,400.00 available over the next 90 days."
request_102,1716.00,affordable_with_plan,installments,2026-04-05:594.88|2026-05-05:594.88|2026-06-04:594.88,2026-04-05,none,"Use installments to pay EUR 1,716.00. This keeps the EUR 900.00 minimum protected throughout the payment period."
request_103,1861.95,not_affordable,not_recommended,none,,none,"Do not make this payment by the deadline. None of the available options keeps the INR 125,500.00 minimum protected."
request_104,17204.00,affordable_now,full_payment,2025-02-04:17204.00,2025-02-04,none,"Pay ZAR 17,204.00 today. This leaves at least ZAR 24,700.00 available over the next 90 days."
request_105,51131.83,affordable_later,wait,none,2026-06-15,none,"Pay INR 53,500.00 in full on 2026-06-15. Paying earlier would take the balance below the INR 73,900.00 minimum."
request_106,459.88,affordable_later,wait,none,2025-02-15,none,"Pay EUR 2,207.70 in full on 2025-02-15. Paying earlier would take the balance below the EUR 1,200.00 minimum."
request_107,512.62,not_affordable,not_recommended,none,,none,"Do not make this payment by the deadline. None of the available options keeps the EUR 1,600.00 minimum protected."
request_108,1754.06,not_affordable,not_recommended,none,,none,"Do not make this payment by the deadline. None of the available options keeps the ZAR 24,100.00 minimum protected."
request_109,469.55,not_affordable,not_recommended,none,,none,"Do not make this payment by the deadline. None of the available options keeps the EUR 1,700.00 minimum protected."
request_110,22352.00,affordable_with_plan,installments,2025-08-06:7748.69|2025-09-03:7748.69|2025-10-01:7748.69,2025-08-06,none,"Use installments to pay ZAR 22,352.00. This keeps the ZAR 11,200.00 minimum protected throughout the payment period."
request_111,16625000.00,affordable_now,full_payment,2026-04-03:16625000.00,2026-04-03,none,"Pay IDR 16,625,000.00 today. This leaves at least IDR 23,022,800.00 available over the next 90 days."
request_112,271.70,affordable_now,full_payment,2024-06-05:271.70,2024-06-05,none,Pay EUR 271.70 today. This leaves at least EUR 500.00 available over the next 90 days.
request_113,19040.25,affordable_later,wait,none,2026-10-15,none,"Pay INR 36,500.00 in full on 2026-10-15. Paying earlier would take the balance below the INR 82,300.00 minimum."
request_114,55013.53,affordable_later,wait,none,2026-01-15,none,"Pay INR 65,300.00 in full on 2026-01-15. Paying earlier would take the balance below the INR 113,400.00 minimum."
request_115,14848.07,affordable_later,wait,none,2024-10-15,none,"Pay INR 80,500.00 in full on 2024-10-15. Paying earlier would take the balance below the INR 38,800.00 minimum."
request_116,9538.59,not_affordable,not_recommended,none,,none,"Do not make this payment by the deadline. None of the available options keeps the INR 80,300.00 minimum protected."
request_117,857.35,affordable_later,wait,none,2026-07-15,none,"Pay EUR 880.00 in full on 2026-07-15. Paying earlier would take the balance below the EUR 1,000.00 minimum."
request_118,649.91,not_affordable,not_recommended,none,,none,Do not make this payment by the deadline. None of the available options keeps the EUR 600.00 minimum protected.
request_119,59015.02,not_affordable,not_recommended,none,,none,"Do not make this payment by the deadline. None of the available options keeps the INR 151,200.00 minimum protected."
request_120,7714000.00,affordable_now,full_payment,2026-04-06:7714000.00,2026-04-06,none,"Pay IDR 7,714,000.00 today. This leaves at least IDR 20,050,300.00 available over the next 90 days."
request_121,633.60,affordable_now,full_payment,2024-03-03:633.60,2024-03-03,none,Pay USD 633.60 today. This leaves at least USD 800.00 available over the next 90 days.
request_122,20558000.00,affordable_with_plan,installments,2025-08-05:7126773.33|2025-09-02:7126773.33|2025-09-30:7126773.33,2025-08-05,none,"Use installments to pay IDR 20,558,000.00. This keeps the IDR 12,588,500.00 minimum protected throughout the payment period."
request_123,4076000.00,affordable_now,full_payment,2026-01-07:4076000.00,2026-01-07,none,"Pay IDR 4,076,000.00 today. This leaves at least IDR 18,091,200.00 available over the next 90 days."
request_124,1402.01,not_affordable,not_recommended,none,,none,"Do not make this payment by the deadline. None of the available options keeps the EUR 1,600.00 minimum protected."
request_125,5733.10,affordable_later,wait,none,2025-11-15,none,"Pay ZAR 6,468.00 in full on 2025-11-15. Paying earlier would take the balance below the ZAR 11,300.00 minimum."
request_126,159600.00,affordable_now,full_payment,2026-07-03:159600.00,2026-07-03,none,"Pay INR 159,600.00 today. This leaves at least INR 129,700.00 available over the next 90 days."
request_127,7377.01,affordable_later,wait,none,2024-10-15,none,"Pay ZAR 23,980.00 in full on 2024-10-15. Paying earlier would take the balance below the ZAR 41,000.00 minimum."
request_128,25168.00,affordable_now,full_payment,2025-02-07:25168.00,2025-02-07,none,"Pay ZAR 25,168.00 today. This leaves at least ZAR 42,600.00 available over the next 90 days."
request_129,113.97,not_affordable,not_recommended,none,,none,Do not make this payment by the deadline. None of the available options keeps the USD 800.00 minimum protected.
request_130,364.72,affordable_later,wait,none,2025-01-15,none,"Pay USD 1,978.80 in full on 2025-01-15. Paying earlier would take the balance below the USD 1,400.00 minimum."
request_131,1355.09,affordable_with_plan,installments,2025-05-06:643.14|2025-06-03:643.14|2025-07-01:643.14,2025-06-15,none,"Use installments to pay USD 1,855.20. This keeps the USD 1,100.00 minimum protected throughout the payment period."
request_132,265.65,affordable_later,wait,none,2026-01-15,none,"Pay USD 379.86 in full on 2026-01-15. Paying earlier would take the balance below the USD 1,100.00 minimum."
request_133,15770000.00,not_affordable,not_recommended,none,,none,"Do not make this payment by the deadline. None of the available options keeps the IDR 9,986,200.00 minimum protected."
request_134,4451971.38,affordable_later,wait,none,2025-09-15,none,"Pay IDR 21,831,000.00 in full on 2025-09-15. Paying earlier would take the balance below the IDR 15,902,500.00 minimum."
request_135,284.76,affordable_with_plan,full_payment,2026-07-06:304.80,2026-07-15,reduce_to:event_12447:17.50|stop:event_12413,"Apply spending changes (reduce_to:event_12447:17.50|stop:event_12413), then pay USD 304.80 today. This leaves at least USD 500.00 available over the next 90 days."
request_136,529.36,affordable_with_plan,full_payment,2024-06-03:560.40,2024-06-15,reduce_to:event_12482:27.20,"Apply spending changes (reduce_to:event_12482:27.20), then pay USD 560.40 today. This leaves at least USD 1,100.00 available over the next 90 days."
request_137,26148.15,not_affordable,not_recommended,none,,none,"Do not make this payment by the deadline. None of the available options keeps the INR 71,800.00 minimum protected."
request_138,860.05,affordable_with_plan,partial_payment,2026-04-07:860.05|2026-04-15:396.89,2026-04-15,none,"Pay EUR 860.05 today and the remaining EUR 396.89 on 2026-04-15. This completes the full request and keeps the EUR 2,300.00 minimum protected."
request_139,1810.41,affordable_with_plan,installments,2024-09-07:802.88|2024-10-08:802.88|2024-11-08:802.88,2024-09-15,none,"Use installments to pay USD 2,316.00. This keeps the USD 1,500.00 minimum protected throughout the payment period."
request_140,1425.81,not_affordable,not_recommended,none,,none,"Do not make this payment by the deadline. None of the available options keeps the ZAR 21,600.00 minimum protected."
request_141,23027.01,not_affordable,not_recommended,none,,none,"Do not make this payment by the deadline. None of the available options keeps the INR 67,300.00 minimum protected."
request_142,1263.60,affordable_now,full_payment,2024-12-05:1263.60,2024-12-05,none,"Pay USD 1,263.60 today. This leaves at least USD 1,700.00 available over the next 90 days."
request_143,2465.23,affordable_later,wait,none,2025-05-15,none,"Pay ZAR 12,584.00 in full on 2025-05-15. Paying earlier would take the balance below the ZAR 11,300.00 minimum."
request_144,233.34,affordable_now,full_payment,2026-07-04:233.34,2026-07-04,none,Pay USD 233.34 today. This leaves at least USD 600.00 available over the next 90 days.
request_145,28335.57,not_affordable,not_recommended,none,,none,"Do not make this payment by the deadline. None of the available options keeps the INR 155,400.00 minimum protected."
request_146,16093.17,not_affordable,not_recommended,none,,none,"Do not make this payment by the deadline. None of the available options keeps the INR 108,600.00 minimum protected."
request_147,478.21,affordable_with_plan,installments,2026-04-08:391.63|2026-05-08:391.63|2026-06-07:391.63,2026-05-15,none,"Use installments to pay EUR 1,129.70. This keeps the EUR 900.00 minimum protected throughout the payment period."
request_148,7120.37,not_affordable,not_recommended,none,,none,"Do not make this payment by the deadline. None of the available options keeps the ZAR 20,000.00 minimum protected."
request_149,22537.14,affordable_with_plan,installments,2025-11-18:12706.03|2025-12-16:12706.03|2026-01-13:12706.03,2025-12-15,none,"Use installments to pay ZAR 36,652.00. This keeps the ZAR 42,100.00 minimum protected throughout the payment period."
request_150,256.48,not_affordable,not_recommended,none,,none,Do not make this payment by the deadline. None of the available options keeps the EUR 700.00 minimum protected.
request_151,26999000.00,affordable_now,full_payment,2024-09-03:26999000.00,2024-09-03,none,"Pay IDR 26,999,000.00 today. This leaves at least IDR 31,633,600.00 available over the next 90 days."
request_152,11114.63,not_affordable,not_recommended,none,,none,"Do not make this payment by the deadline. None of the available options keeps the ZAR 11,900.00 minimum protected."
request_153,8.58,not_affordable,not_recommended,none,,none,"Do not make this payment by the deadline. None of the available options keeps the USD 1,400.00 minimum protected."
request_154,1611.55,not_affordable,not_recommended,none,,none,"Do not make this payment by the deadline. None of the available options keeps the EUR 1,300.00 minimum protected."
request_155,112500.00,affordable_now,full_payment,2025-05-06:112500.00,2025-05-06,none,"Pay INR 112,500.00 today. This leaves at least INR 56,300.00 available over the next 90 days."
request_156,9482.30,affordable_later,wait,none,2026-06-15,none,"Pay ZAR 43,076.00 in full on 2026-06-15. Paying earlier would take the balance below the ZAR 26,900.00 minimum."
request_157,4753445.22,affordable_later,wait,none,2024-04-15,none,"Pay IDR 23,503,000.00 in full on 2024-04-15. Paying earlier would take the balance below the IDR 15,714,100.00 minimum."
request_158,242600.00,affordable_with_plan,installments,2025-08-07:84101.33|2025-09-04:84101.33|2025-10-02:84101.33,2025-08-07,none,"Use installments to pay INR 242,600.00. This keeps the INR 131,400.00 minimum protected throughout the payment period."
request_159,13398.00,affordable_now,full_payment,2026-01-04:13398.00,2026-01-04,none,"Pay ZAR 13,398.00 today. This leaves at least ZAR 8,700.00 available over the next 90 days."
request_160,570.28,affordable_with_plan,installments,2024-06-13:432.05|2024-07-14:432.05|2024-08-14:432.05,2024-07-15,none,"Use installments to pay EUR 1,246.30. This keeps the EUR 1,200.00 minimum protected throughout the payment period."
request_161,0.00,not_affordable,not_recommended,none,,none,"Do not make this payment by the deadline. None of the available options keeps the IDR 23,010,400.00 minimum protected."
request_162,1123678.76,not_affordable,not_recommended,none,,none,"Do not make this payment by the deadline. None of the available options keeps the IDR 24,161,100.00 minimum protected."
request_163,8739824.66,not_affordable,not_recommended,none,,none,"Do not make this payment by the deadline. None of the available options keeps the IDR 26,728,700.00 minimum protected."
request_164,27018000.00,affordable_with_plan,installments,2025-02-11:9366240.00|2025-03-11:9366240.00|2025-04-08:9366240.00,2025-02-04,none,"Use installments to pay IDR 27,018,000.00. This keeps the IDR 29,550,500.00 minimum protected throughout the payment period."
request_165,80600.00,affordable_now,full_payment,2026-04-06:80600.00,2026-04-06,none,"Pay INR 80,600.00 today. This leaves at least INR 95,000.00 available over the next 90 days."
request_166,2907.60,affordable_with_plan,installments,2024-12-03:1007.97|2025-01-03:1007.97|2025-02-03:1007.97,2024-12-03,none,"Use installments to pay USD 2,907.60. This keeps the USD 1,700.00 minimum protected throughout the payment period."
request_167,43802.00,affordable_now,full_payment,2025-05-05:43802.00,2025-05-05,none,"Pay ZAR 43,802.00 today. This leaves at least ZAR 31,200.00 available over the next 90 days."
request_168,30941.36,affordable_with_plan,partial_payment,2026-01-07:30941.36|2026-02-15:18438.64,2026-02-15,none,"Pay INR 30,941.36 today and the remaining INR 18,438.64 on 2026-02-15. This completes the full request and keeps the INR 114,400.00 minimum protected."
request_169,41976.00,affordable_now,full_payment,2024-03-04:41976.00,2024-03-04,none,"Pay ZAR 41,976.00 today. This leaves at least ZAR 18,700.00 available over the next 90 days."
request_170,30061352.58,affordable_with_plan,installments,2025-08-06:12804480.00|2025-09-03:12804480.00|2025-10-01:12804480.00,2025-09-15,none,"Use installments to pay IDR 36,936,000.00. This keeps the IDR 24,715,800.00 minimum protected throughout the payment period."
request_171,33.68,not_affordable,not_recommended,none,,none,Do not make this payment by the deadline. None of the available options keeps the EUR 500.00 minimum protected.
request_172,9130.37,affordable_with_plan,installments,2024-06-05:5304.00|2024-07-03:5304.00,2024-06-15,none,"Use installments to pay ZAR 10,200.00. This keeps the ZAR 27,200.00 minimum protected throughout the payment period."
request_173,59791.88,affordable_with_plan,installments,2025-11-21:39173.33|2025-12-19:39173.33|2026-01-16:39173.33,,none,"Use installments to pay INR 113,000.00. This keeps the INR 79,100.00 minimum protected throughout the payment period."
request_174,1146.20,affordable_with_plan,installments,2026-04-04:397.35|2026-05-04:397.35|2026-06-03:397.35,2026-04-04,none,"Use installments to pay EUR 1,146.20. This keeps the EUR 700.00 minimum protected throughout the payment period."
request_175,2346.30,affordable_now,full_payment,2024-09-06:2346.30,2024-09-06,none,"Pay EUR 2,346.30 today. This leaves at least EUR 1,700.00 available over the next 90 days."
request_176,350.11,not_affordable,not_recommended,none,,none,Do not make this payment by the deadline. None of the available options keeps the EUR 600.00 minimum protected.
request_177,1017.60,affordable_now,full_payment,2026-01-05:1017.60,2026-01-05,none,"Pay USD 1,017.60 today. This leaves at least USD 1,300.00 available over the next 90 days."
request_178,2938.10,affordable_with_plan,installments,2024-12-07:1018.54|2025-01-07:1018.54|2025-02-07:1018.54,2024-12-07,none,"Use installments to pay EUR 2,938.10. This keeps the EUR 1,400.00 minimum protected throughout the payment period."
request_179,6506134.08,not_affordable,not_recommended,none,,none,"Do not make this payment by the deadline. None of the available options keeps the IDR 41,430,800.00 minimum protected."
request_180,66500.00,affordable_now,full_payment,2026-07-06:66500.00,2026-07-06,none,"Pay INR 66,500.00 today. This leaves at least INR 37,300.00 available over the next 90 days."
request_181,475.41,not_affordable,not_recommended,none,,none,"Do not make this payment by the deadline. None of the available options keeps the USD 2,000.00 minimum protected."
request_182,65714.00,affordable_now,full_payment,2025-08-05:65714.00,2025-08-05,none,"Pay ZAR 65,714.00 today. This leaves at least ZAR 31,100.00 available over the next 90 days."
request_183,22993892.65,not_affordable,not_recommended,none,,none,"Do not make this payment by the deadline. None of the available options keeps the IDR 11,878,300.00 minimum protected."
request_184,7499.23,not_affordable,not_recommended,none,,none,"Do not make this payment by the deadline. None of the available options keeps the INR 110,800.00 minimum protected."
request_185,310.34,not_affordable,not_recommended,none,,none,"Do not make this payment by the deadline. None of the available options keeps the EUR 1,300.00 minimum protected."
request_186,11431.95,affordable_later,wait,none,2026-02-15,none,"Pay ZAR 26,554.00 in full on 2026-02-15. Paying earlier would take the balance below the ZAR 22,000.00 minimum."
request_187,37750.93,affordable_later,wait,none,2024-11-15,none,"Pay INR 187,500.00 in full on 2024-11-15. Paying earlier would take the balance below the INR 128,300.00 minimum."
request_188,187.66,not_affordable,not_recommended,none,,none,Do not make this payment by the deadline. None of the available options keeps the EUR 900.00 minimum protected.
request_189,488.40,affordable_now,full_payment,2026-07-04:488.40,2026-07-04,none,Pay EUR 488.40 today. This leaves at least EUR 400.00 available over the next 90 days.
request_190,467.31,not_affordable,not_recommended,none,,none,"Do not make this payment by the deadline. None of the available options keeps the EUR 1,600.00 minimum protected."
request_191,664.40,affordable_now,full_payment,2025-05-03:664.40,2025-05-03,none,Pay EUR 664.40 today. This leaves at least EUR 500.00 available over the next 90 days.
request_192,160.23,not_affordable,not_recommended,none,,none,"Do not make this payment by the deadline. None of the available options keeps the USD 1,000.00 minimum protected."
request_193,31.02,affordable_with_plan,installments,2024-03-21:420.23|2024-04-21:420.23|2024-05-22:420.23,2024-03-15,none,"Use installments to pay EUR 1,212.20. This keeps the EUR 1,000.00 minimum protected throughout the payment period."
request_194,39203.33,not_affordable,not_recommended,none,,none,"Do not make this payment by the deadline. None of the available options keeps the INR 113,600.00 minimum protected."
request_195,962.60,not_affordable,not_recommended,none,,none,Do not make this payment by the deadline. None of the available options keeps the EUR 700.00 minimum protected.
request_196,762.30,affordable_now,full_payment,2024-06-03:762.30,2024-06-03,none,Pay EUR 762.30 today. This leaves at least EUR 500.00 available over the next 90 days.
request_197,20885886.64,not_affordable,not_recommended,none,,none,"Do not make this payment by the deadline. None of the available options keeps the IDR 26,245,900.00 minimum protected."
request_198,185800.00,affordable_now,full_payment,2026-07-07:185800.00,2026-07-07,none,"Pay INR 185,800.00 today. This leaves at least INR 124,300.00 available over the next 90 days."
request_199,23674000.00,affordable_with_plan,installments,2024-09-07:8206986.67|2024-10-08:8206986.67|2024-11-08:8206986.67,2024-09-04,none,"Use installments to pay IDR 23,674,000.00. This keeps the IDR 25,359,500.00 minimum protected throughout the payment period."
request_200,21717000.00,affordable_now,full_payment,2025-02-06:21717000.00,2025-02-06,none,"Pay IDR 21,717,000.00 today. This leaves at least IDR 20,114,600.00 available over the next 90 days."
request_201,23997000.00,affordable_now,full_payment,2026-04-03:23997000.00,2026-04-03,none,"Pay IDR 23,997,000.00 today. This leaves at least IDR 17,304,500.00 available over the next 90 days."
request_202,123900.00,affordable_now,full_payment,2024-12-05:123900.00,2024-12-05,none,"Pay INR 123,900.00 today. This leaves at least INR 147,800.00 available over the next 90 days."
request_203,1442.10,affordable_with_plan,installments,2025-05-10:499.93|2025-06-07:499.93|2025-07-05:499.93,2025-05-07,none,"Use installments to pay EUR 1,442.10. This keeps the EUR 1,400.00 minimum protected throughout the payment period."
request_204,567.13,affordable_later,wait,none,2026-01-15,none,"Pay EUR 588.74 in full on 2026-01-15. Paying earlier would take the balance below the EUR 1,300.00 minimum."
request_205,10621000.00,affordable_now,full_payment,2024-03-06:10621000.00,2024-03-06,none,"Pay IDR 10,621,000.00 today. This leaves at least IDR 13,994,300.00 available over the next 90 days."
request_206,1404.70,affordable_with_plan,installments,2025-08-03:486.96|2025-08-31:486.96|2025-09-28:486.96,2025-08-03,none,"Use installments to pay EUR 1,404.70. This keeps the EUR 900.00 minimum protected throughout the payment period."
request_207,4417.91,affordable_later,wait,none,2026-07-15,none,"Pay ZAR 11,830.00 in full on 2026-07-15. Paying earlier would take the balance below the ZAR 13,600.00 minimum."
request_208,3015814.29,affordable_later,wait,none,2024-06-15,none,"Pay IDR 4,413,000.00 in full on 2024-06-15. Paying earlier would take the balance below the IDR 10,470,700.00 minimum."
request_209,1598.10,not_affordable,not_recommended,none,,none,"Do not make this payment by the deadline. None of the available options keeps the ZAR 18,400.00 minimum protected."
request_210,991.13,affordable_with_plan,partial_payment,2026-04-06:991.13|2026-04-15:368.89,2026-04-15,none,"Pay USD 991.13 today and the remaining USD 368.89 on 2026-04-15. This completes the full request and keeps the USD 2,000.00 minimum protected."
request_211,265.15,affordable_later,wait,none,2024-11-15,none,"Pay EUR 1,788.60 in full on 2024-11-15. Paying earlier would take the balance below the EUR 1,500.00 minimum."
request_212,5599242.98,not_affordable,not_recommended,none,,none,"Do not make this payment by the deadline. None of the available options keeps the IDR 29,579,800.00 minimum protected."
request_213,3362.40,affordable_with_plan,installments,2026-01-21:1165.63|2026-02-20:1165.63|2026-03-22:1165.63,2026-01-07,none,"Use installments to pay USD 3,362.40. This keeps the USD 2,100.00 minimum protected throughout the payment period."
request_214,41804.88,affordable_with_plan,installments,2024-12-04:36270.00|2025-01-01:36270.00,2024-12-15,none,"Use installments to pay INR 69,750.00. This keeps the INR 174,900.00 minimum protected throughout the payment period."
request_215,29986.00,affordable_with_plan,installments,2025-05-09:10395.15|2025-06-06:10395.15|2025-07-04:10395.15,2025-05-06,none,"Use installments to pay ZAR 29,986.00. This keeps the ZAR 15,700.00 minimum protected throughout the payment period."
request_216,477.27,not_affordable,not_recommended,none,,none,"Do not make this payment by the deadline. None of the available options keeps the USD 1,800.00 minimum protected."
request_217,19532.65,affordable_with_plan,installments,2024-03-19:12889.07|2024-04-19:12889.07|2024-05-20:12889.07,,none,"Use installments to pay ZAR 37,180.00. This keeps the ZAR 26,800.00 minimum protected throughout the payment period."
request_218,24459217.70,affordable_with_plan,installments,2025-08-07:21195893.33|2025-09-04:21195893.33|2025-10-02:21195893.33,2025-09-15,none,"Use installments to pay IDR 61,142,000.00. This keeps the IDR 34,477,200.00 minimum protected throughout the payment period."
request_219,1353.33,affordable_with_plan,installments,2026-04-07:580.01|2026-05-07:580.01|2026-06-06:580.01,2026-04-15,none,"Use installments to pay EUR 1,673.10. This keeps the EUR 1,100.00 minimum protected throughout the payment period."
request_220,74.93,not_affordable,not_recommended,none,,none,"Do not make this payment by the deadline. None of the available options keeps the EUR 1,100.00 minimum protected."
request_221,109800.00,affordable_now,full_payment,2025-11-03:109800.00,2025-11-03,none,"Pay INR 109,800.00 today. This leaves at least INR 81,500.00 available over the next 90 days."
request_222,34078.00,affordable_now,full_payment,2026-01-05:34078.00,2026-01-05,none,"Pay ZAR 34,078.00 today. This leaves at least ZAR 27,300.00 available over the next 90 days."
request_223,898.70,affordable_now,full_payment,2024-09-07:898.70,2024-09-07,none,Pay EUR 898.70 today. This leaves at least EUR 800.00 available over the next 90 days.
request_224,10327000.00,affordable_with_plan,installments,2025-02-04:5370040.00|2025-03-04:5370040.00,2025-02-04,none,"Use installments to pay IDR 10,327,000.00. This keeps the IDR 22,187,600.00 minimum protected throughout the payment period."
request_225,9636373.34,affordable_with_plan,installments,2026-07-20:7647120.00|2026-08-19:7647120.00|2026-09-18:7647120.00,,none,"Use installments to pay IDR 22,059,000.00. This keeps the IDR 17,670,700.00 minimum protected throughout the payment period."
request_226,157000.00,affordable_now,full_payment,2024-12-03:157000.00,2024-12-03,none,"Pay INR 157,000.00 today. This leaves at least INR 209,400.00 available over the next 90 days."
request_227,7161.65,not_affordable,not_recommended,none,,none,"Do not make this payment by the deadline. None of the available options keeps the INR 62,900.00 minimum protected."
request_228,4643600.88,not_affordable,not_recommended,none,,none,"Do not make this payment by the deadline. None of the available options keeps the IDR 26,191,200.00 minimum protected."
request_229,512.06,affordable_with_plan,installments,2024-03-18:529.29|2024-04-18:529.29|2024-05-19:529.29,2024-05-15,none,"Use installments to pay EUR 1,526.80. This keeps the EUR 1,000.00 minimum protected throughout the payment period."
request_230,3537.60,affordable_now,full_payment,2025-08-06:3537.60,2025-08-06,none,"Pay EUR 3,537.60 today. This leaves at least EUR 2,000.00 available over the next 90 days."
request_231,30824.68,not_affordable,not_recommended,none,,none,"Do not make this payment by the deadline. None of the available options keeps the ZAR 24,300.00 minimum protected."
request_232,603.94,not_affordable,not_recommended,none,,none,"Do not make this payment by the deadline. None of the available options keeps the EUR 2,400.00 minimum protected."
request_233,0.00,not_affordable,not_recommended,none,,none,"Do not make this payment by the deadline. None of the available options keeps the IDR 10,365,700.00 minimum protected."
request_234,180.94,affordable_later,wait,none,2026-09-15,none,"Pay EUR 1,213.30 in full on 2026-09-15. Paying earlier would take the balance below the EUR 700.00 minimum."
request_235,967.20,affordable_now,full_payment,2024-09-06:967.20,2024-09-06,none,Pay USD 967.20 today. This leaves at least USD 700.00 available over the next 90 days.
request_236,5890616.77,not_affordable,not_recommended,none,,none,"Do not make this payment by the deadline. None of the available options keeps the IDR 16,768,600.00 minimum protected."
request_237,23826000.00,affordable_now,full_payment,2026-04-05:23826000.00,2026-04-05,none,"Pay IDR 23,826,000.00 today. This leaves at least IDR 22,431,500.00 available over the next 90 days."
request_238,663.60,affordable_with_plan,installments,2024-12-07:230.05|2025-01-07:230.05|2025-02-07:230.05,2024-12-07,none,Use installments to pay USD 663.60. This keeps the USD 700.00 minimum protected throughout the payment period.
request_239,642.00,affordable_now,full_payment,2025-05-04:642.00,2025-05-04,none,Pay USD 642.00 today. This leaves at least USD 600.00 available over the next 90 days.
request_240,13949.09,not_affordable,not_recommended,none,,none,"Do not make this payment by the deadline. None of the available options keeps the INR 52,800.00 minimum protected."
request_241,21052000.00,affordable_with_plan,installments,2024-03-17:7298026.67|2024-04-17:7298026.67|2024-05-18:7298026.67,2024-03-03,none,"Use installments to pay IDR 21,052,000.00. This keeps the IDR 19,252,000.00 minimum protected throughout the payment period."
request_242,0.00,not_affordable,not_recommended,none,,none,Do not make this payment by the deadline. None of the available options keeps the EUR 600.00 minimum protected.
request_243,17468.00,affordable_now,full_payment,2026-07-07:17468.00,2026-07-07,none,"Pay ZAR 17,468.00 today. This leaves at least ZAR 19,900.00 available over the next 90 days."
request_244,49918.00,affordable_now,full_payment,2024-06-04:49918.00,2024-06-04,none,"Pay ZAR 49,918.00 today. This leaves at least ZAR 45,900.00 available over the next 90 days."
request_245,23807.10,not_affordable,not_recommended,none,,none,"Do not make this payment by the deadline. None of the available options keeps the INR 94,600.00 minimum protected."
request_246,64086.00,affordable_with_plan,installments,2026-04-03:22216.48|2026-05-03:22216.48|2026-06-02:22216.48,2026-04-03,none,"Use installments to pay ZAR 64,086.00. This keeps the ZAR 39,300.00 minimum protected throughout the payment period."
request_247,1059.30,affordable_now,full_payment,2024-09-05:1059.30,2024-09-05,none,"Pay EUR 1,059.30 today. This leaves at least EUR 1,300.00 available over the next 90 days."
request_248,935.13,not_affordable,not_recommended,none,,none,"Do not make this payment by the deadline. None of the available options keeps the USD 1,300.00 minimum protected."
request_249,126.87,not_affordable,not_recommended,none,,none,Do not make this payment by the deadline. None of the available options keeps the USD 600.00 minimum protected.
request_250,15480.52,not_affordable,not_recommended,none,,none,"Do not make this payment by the deadline. None of the available options keeps the ZAR 35,300.00 minimum protected."
request_251,1513.60,not_affordable,not_recommended,none,,none,"Do not make this payment by the deadline. None of the available options keeps the EUR 1,300.00 minimum protected."
request_252,3991159.20,affordable_later,wait,none,2026-09-15,none,"Pay IDR 28,082,000.00 in full on 2026-09-15. Paying earlier would take the balance below the IDR 15,152,200.00 minimum."
request_253,1371.57,affordable_with_plan,installments,2024-03-21:984.60|2024-04-21:984.60|2024-05-22:984.60,,none,"Use installments to pay EUR 2,840.20. This keeps the EUR 2,300.00 minimum protected throughout the payment period."
request_254,880.46,affordable_later,wait,none,2025-09-15,none,"Pay USD 3,535.20 in full on 2025-09-15. Paying earlier would take the balance below the USD 2,500.00 minimum."
request_255,3345000.00,affordable_now,full_payment,2026-04-06:3345000.00,2026-04-06,none,"Pay IDR 3,345,000.00 today. This leaves at least IDR 9,813,900.00 available over the next 90 days."
request_256,152538.57,affordable_with_plan,installments,2024-06-10:75816.00|2024-07-11:75816.00|2024-08-11:75816.00,2024-07-15,none,"Use installments to pay INR 218,700.00. This keeps the INR 168,600.00 minimum protected throughout the payment period."
request_257,315.33,not_affordable,not_recommended,none,,none,"Do not make this payment by the deadline. None of the available options keeps the USD 1,600.00 minimum protected."
request_258,1113.60,affordable_now,full_payment,2026-01-07:1113.60,2026-01-07,none,"Pay USD 1,113.60 today. This leaves at least USD 500.00 available over the next 90 days."
request_259,494.81,affordable_later,wait,none,2024-09-15,none,Pay EUR 935.00 in full on 2024-09-15. Paying earlier would take the balance below the EUR 600.00 minimum.
request_260,8323661.20,not_affordable,not_recommended,none,,none,"Do not make this payment by the deadline. None of the available options keeps the IDR 20,727,700.00 minimum protected."
request_261,1830.40,affordable_now,full_payment,2026-07-03:1830.40,2026-07-03,none,"Pay EUR 1,830.40 today. This leaves at least EUR 1,500.00 available over the next 90 days."
request_262,9236000.00,affordable_now,full_payment,2024-12-05:9236000.00,2024-12-05,none,"Pay IDR 9,236,000.00 today. This leaves at least IDR 31,018,500.00 available over the next 90 days."
request_263,5769.19,not_affordable,not_recommended,none,,none,"Do not make this payment by the deadline. None of the available options keeps the ZAR 24,100.00 minimum protected."
request_264,23451.56,affordable_later,wait,none,2026-06-15,none,"Pay INR 111,300.00 in full on 2026-06-15. Paying earlier would take the balance below the INR 59,500.00 minimum."
request_265,45970.00,affordable_now,full_payment,2024-03-06:45970.00,2024-03-06,none,"Pay INR 45,970.00 today. This leaves at least INR 189,700.00 available over the next 90 days."
request_266,935.00,affordable_with_plan,installments,2025-08-03:324.13|2025-08-31:324.13|2025-09-28:324.13,2025-08-03,none,Use installments to pay EUR 935.00. This keeps the EUR 900.00 minimum protected throughout the payment period.
request_267,1642.24,affordable_with_plan,installments,2026-01-08:667.33|2026-02-07:667.33|2026-03-09:667.33,2026-02-15,none,"Use installments to pay EUR 1,925.00. This keeps the EUR 1,500.00 minimum protected throughout the payment period."
request_268,1046.90,affordable_with_plan,installments,2024-06-14:841.22|2024-07-15:841.22|2024-08-15:841.22,2024-07-15,none,"Use installments to pay EUR 2,426.60. This keeps the EUR 1,400.00 minimum protected throughout the payment period."
request_269,0.00,not_affordable,not_recommended,none,,none,"Do not make this payment by the deadline. None of the available options keeps the ZAR 23,100.00 minimum protected."
request_270,101.27,not_affordable,not_recommended,none,,none,"Do not make this payment by the deadline. None of the available options keeps the USD 1,400.00 minimum protected."
request_271,13612.75,not_affordable,not_recommended,none,,none,"Do not make this payment by the deadline. None of the available options keeps the INR 58,200.00 minimum protected."
request_272,5415032.83,affordable_with_plan,installments,2025-02-12:4709466.67|2025-03-12:4709466.67|2025-04-09:4709466.67,2025-03-15,none,"Use installments to pay IDR 13,585,000.00. This keeps the IDR 7,508,600.00 minimum protected throughout the payment period."
request_273,9553277.23,affordable_with_plan,partial_payment,2026-04-07:9553277.23|2026-04-15:6307722.77,2026-04-15,none,"Pay IDR 9,553,277.23 today and the remaining IDR 6,307,722.77 on 2026-04-15. This completes the full request and keeps the IDR 18,774,600.00 minimum protected."
request_274,2119.35,not_affordable,not_recommended,none,,none,"Do not make this payment by the deadline. None of the available options keeps the EUR 1,800.00 minimum protected."
request_275,15884000.00,affordable_now,full_payment,2025-05-06:15884000.00,2025-05-06,none,"Pay IDR 15,884,000.00 today. This leaves at least IDR 12,760,100.00 available over the next 90 days."
